,username,tweet,cluster
265,0m4r,@PeopleBrowsr nice new profile picture  Glad to see some friends in there  @dariuccio no  no need at all    it was just an experiment    0 12    is too much for me    I m gonna close it    I m sorry pal ,15
496,11fires,Psyched to get website finished  even though there isn t much left to do before it s finished but what i need to do takes a bit of time  Feeling pretty tired after working all weekend  early morning tomorrow for a nice 6hours drive to Cork ,15
511,121282,is watching EDF energy cut someones electric supply off and is a little phased by it      Great the far right is taking over europe     nice work people   Talk Liberal  Think Conservative     all is bullshit  all the time ,15
753,15mbtd,Oh  had like the most amazing weekend  sunshine  amp  part        white wine   Now its back to the rehearsals regime   NICE     ,15
1126,1aRLenE,Just finished cooking a nice and juicy meal  wanna sample  ,15
1143,1ban,@pixelburner thank you  There were so many shops selling nice thai foods but I couldn t have any because of my prawn allergy ,15
1220,1happystar,@buggzero come on    I ll play nice   Let me in     @tw1tt3rp4t3d That s fine  It was rather distracting  really   What time zone are you in ,15
1226,1idea2many,@Wossy doesn t the wife get fed at all  how is she  Is she better after all your nursing efforts  Have a nice Sunday ,15
1237,1jonl,@Curfewmusic hmmm  nice one  thanks  but I don t think I can be there ,15
1265,1miletogo,@runaholickassy Nice  I will re check out your blog ,15
1309,1outside,1outsidehttp   twitpic com photos m    not very nice pictures  warning   some of it is over18   #iranelection And his hair  I wonder would he send some sperm my way  Please  I wanna have a ginger kid with a gay dad who has a really good pop voice  ,15
1330,1republiclover,@baszdmeg freey be nice  pweazse  love you ,15
1336,1ryn,If you Read this Have a nice day   ,15
1363,1stdraftpick,@CGZee im sad i cant have a burger  @SongzYuuup they took #dontyouloveGod off the trending topics  @TopDraftPick nice to meet u too  what can I say  great minds think alike  BEEN UP FOR ALMOST 24 HRS STRAIGHT       WENT SHOPPING IN LIMERICK INSTEAD OF GOING TO SLEEP AFTER MY FLIGHT   ON THAT NOTE NIGHTY NIGHT ,15
1459,20YearBillions,Ah   sunday morning   what a nice day to get up and realize I have money already  I love the internets ,15
1497,21Eyesofruby,a nice  long rehearsal today    ,15
1537,22hundredDotNet,Well that s me into work already  At least it s a nice morning  New Vodafone mobile broadband seems to be working well  First tweet form it and I like ,15
1598,24littlebirds,my brother s so nice  He brought me back a bag of candy from the bat mitzvah that I missed because of the stupid SAT s  ,15
1627,26Tim,School s out  Let the mayhem commence  Ideally with a nice cup of tea and an early night ,15
1637,27dimples,another day of Life     let s enjoy it  @Tyrese4ReaL wow  can we hear u sing again    hearing your voice on the message was real nice  wish I could hear it live    luv u ,15
1747,2balthazar,Gotta go to the city to get me some nice clothes for my school graduation  Wish me luck   Wow     French oral exam passed  What can I say  They  examinators  laughed a lot ,15
1815,2girlsmom,Packing to go with @energion to AL West FL Annual Conference for UMC  Will be so nice to work with my parents  Leaving girls for 1st time ,15
1897,2rach2,my legs hurt  grrrrr coach goose   at least he has nice pecs lol,15
2127,3GFalcon,i am answering a long list of emails sorry everyone for being late in this  been busy  i hate my PC now it is tooooo slowwwwwwwwwwwwwwww  I do not know what happened but currently ArabCrunch server is down  is having a hard time tweaking wp  @Liam Murray thanx just joined  @Liam Murray thanx  @centernetworks  nice nice  ,15
2435,420051993,Have a nice day all   ,15
2535,4LetterLie,finishing new songs is nice ,15
2654,4ll4n,What a week  Felt like poo until Friday  Fortunately a very nice week end made up for it  Doctor s tomorrow though ,15
2739,50KChallenge,Reading  Laughter can promote Heart Health   http   twurl nl k2eq1f We always new it was good to laugh  Thanks @MolsonFerg for a genuinely nice message  Glad to see our fundraising efforts are spreading around the world from Aus to Canada,15
2959,64Colors,@drilone no email    just kidding  it can wait filling out form now    seriously  @Agent R we don t have teeth and are painfully shy  almost agoraphobic  so sad   @Lunabee art awww  imagine him looking up at you and saying    you don t love me    tears  @skinnyribs too much grape makes me sluggy  today feels like the world stopped  don t no why  just not feeling any energy   @LouPimentel lol    riboflavin  you are quick and funny   @pinkachan hey there   just back from chicago signing at rotofufi  thanks whitney  lirby and joe  you re awesome      @glennpogue thanks  people were so nice and rotofugi is wonderful   @smallandround beautiful carpet   how about the pictures in the distance  @smallandround was awesome  everyone was so nice  great turnout  we re very fortunate  travis lampe s cool  met shawnimal too  cool guy   @pinkachan cool  nice coverage   @Mezandy toasted marshall a natural   thank you for the rt   @JamFactory are droplets emo  i like emo  i love my droplets   @pinkachan    mmmm    blackwawks fan from my chicago days  wings fan due to current local   do like capitals too  @podgypanda read the latest issue    it s wonderful   out  over  done  poof  gone  goodnight  gonna go drink some wine at look at the stars  ,15
3116,750x500,What a glorious week  My best holiday ever I think  I so don t want to go home in the morning  @pipnstuff This thing is lovely   Big sensor too  Pricey though  @AmazingPics Many thanks for the follow  @CassiaB I said it would go well  @KirstieMAllsopp Time to start inventing your own profanities then I think  @HelenGoff Thanks for following  Graham often mentions you and your rather nice cars  Good photography subject me thinks    @pipnstuff That looks very nice ,15
3213,7ropz,@hotforwords Nice post     but i forgot what I was going to add to it ,15
3254,80ape,it s nice out and I ve been working at the office all day but to be honest  I kinda like it  i ll just sleep in next week and we re even,15
3368,8Chlo8,Havin a nice relaxing weekend  x,15
3407,8chocolate,@jowyang OMG you travel so much  You must have LOTS of points  Better take your wife somewhere nice for putting up with all that travel ,15
3557,9MM_NINA_ROSS,One of my friggin  exes  So this is goodbye   @RaynebowBeauty I really miss the mob on fb it s not the same on myspace  Everyone have a nice evening    goodnight  @MarieLuv  YOU MAKIN  ME HORNY  @Fireforce Good Morn Ting  my dear ,15
3584,9neMarie,dont want to take the P E exam  had a very nice weekend at Rjukan ,15
3740,ABMann,Honestly   getting to work at 6 45 was really nice when you like the campus  office  coffee  ,15
3926,ADDN2X,@bartelme nice  but wide angle is an understatement  ,15
3940,ADHDTechie,Photo shoot today and then hopefully a nice movie in the after noon  I m excited for the show to start  Chris is Automation Head and I am Fly Crew Head  I get two people up on the rail and so does Chris ,15
4066,AFmonkey,@KoiFishSushi yes it was  @walkingpainting nice  can t wait  ,15
4132,AHKlein,I m ill  Coughing  and my chest hurts  Husband is a doc  and suggested he feel my chest  Alot  To figure out problem  Nice try Mr  PhD ,15
4173,AIMEELILLY,arggggghhh my hayfever is sooooo bad  i well wanna put my hours down at work  been soaking up the sun  nw chilling before work  morning all another nice day  I got into performing arts at college  i thought i wasnt gunna get in woooo  you took something perfect and painted it red  ,15
4288,AJewell87,It is such a beautiful day  I hope tomorrow is just as nice so I can go to the beach  Gotsta get my work done so @laurenaked and I can possibly get off work early   @laurenaked I m ready for that too      @AshPash True  I definitely want to   I am booked solid through July for sure though  We shall see ,15
4309,AJxxvii,at the airport  Have a nice trip fikri  All the best to you ,15
4519,ALoS,Such a nice day  And I m trapped in the office     Need for Speed Shift has a nice track list http   bit ly ejzQh and a small but interesting car list http   bit ly mbdPj   Might buy it ,15
4690,AMyburgh,@JBagley Can t wait to get my mac so I can start doing that   Nice one mate  Sounds like an awesome deal  alot of peeps talking about it ,15
4698,ANALILIANN,@alx2da that nap was nice  Lol     I got a phone again so no worries  haha,15
4733,ANGELOMarkku,Hey there  New Blog opened at http   inspire me angelo bl    CHECK IT OUT   Nice weekend to You all from cold  2 Finland not summer yet ,15
4780,ANZaytsev,@esnanna yes yes birds are nice  So is sleep  ,15
4972,ASH1921,I need a nice boyfriend  ,15
5004,ASOS_Efe,@fastidiousbabe same to you have a happy friday  #followfriday @aussieBum  for all the twit pics of male models  @fastidiousbabe   amp   @jetsetsocialite  for all the cool fashion updates  @kytheria http   twitpic com 6biok   this is nice as well  @kytheria http   twitpic com 6dtqh   ahhh it looks really nice  @Dreamyeyes  ah yes please  @nayira good luck hope he likes them  @RIAspeaks thanks for the follow friday  hope you are having a good weekend  @MariamUAE hope you have a great week too  our week starts tomorrow thou so im having another lazy day today  We did have an argument in the shops about what size tv I should get for my room and what bag to buy  I m now teaching her how to tweet  off to see a man about some panst  will twit any goss and hopefully pics  later tweeps  xoxo The weather in London is very good today nice and sunny hope it stays like this as I might have to dust off my summer dresses and sandals  @PrincessMir hope you get a job soon  Where you planning on working here or abroad  Somewhere nice and hot will be cool  Hello world  Its so early and on my way to work  yawn   Hope everyone is great today   @jacksyunderwear yep busy day as it s buying season so there is a lot to do  people to see   pants to buy it never ends ,15
5157,AUFDERMAUR,Won t be here today  I m gonna miss you all  @Dam u all I hate waking up early  Really puts me in a bad mood  @divadoll21285 Google pictures of Cannavaro  I think you ll like it  @Dam u all Nice day so far  And yours ,15
5174,AUchick2610,golfing now   trying to find The Weeks album later    @clewis57 tomorrow   tired of all the thinking  #robotpickuplines I ll insert my floppy into ur disk drive   via @ThaStokesIII  hahaha nice one  How come I don t get asked to chill   ,15
5424,A_lowbeam,Cool  cloudy run all the way around the lake   very nice  Breakfast with Ms lowbeam even nicer  And thanks for the welcome sweetie ,15
5800,Abby986,Today was a nice  lazy day  ,15
6009,AbigailWelty,Watching the bachelorette  I missed the bike ride so I took a nice long walk  Maybe I ll find a job tomorrow   Or just buy Weeds Season 4 ,15
6084,Abriahnan,How come its nice all week then when I finally get a day off it rains ,15
6274,AcidEgg,had a nice takeaway last night but now suffering from the brad pitts  ,15
6392,Adaaammm,Uhhh ooooohh  2 exams tomorrow  S Not so nice ,15
6551,AdamStanecki,Thanks @darren shaw  Yes CF VIC is growing and is nice to see after all the hard work  ,15
6573,AdamYaffe,@saltyshutter Nice pics  Shame I missed it  @bernhardstacher At   450 as there is currently no upgrade option     I think not   I need to wait until January ,15
6640,Adamscholey,Computer is fucked  internet won t connect  ARGH   I was having such a good day and this has ruined it   Having a nice morning in banbury with sophieeeee  pint before midday is the way to go  p @AAband cant wait to see you in coventry tomorrow evening  Gonna be the celebration of end of 1st year uni exams ,15
6920,Adorabumz,Goodness   it is SO NICE to be able to sit outside  watch the kids play  and still get stuff done ,15
7012,AdrianRakesh,@kimberlyly that s nice      i ate toast bread  im lazy to cook    in the middle of the night   ,15
7040,AdrianaLemus,@Kneeahh   huggle  @danlev Woo  Loving your new picture here   Oh wow  I shouldn t actually be realxing but eh  I d rather waste some time   @dilandou  hiss  XD That looks nice   Finally got out of a project  Did well ,15
7213,Aell_,One of my teachers  David Cleall  needs to evaporate  I m sure he s a nice person but he s making my life hell  Too much coursework  ,15
7470,AgentSolutions,@mizzle I feel your frustration  FF has not been playing nice for me either the last few weeks  Wish I had a solution for you  ,15
7483,Agey78,@JillNYC21 Which one was wearing the ring   How nice   They appreciate stuff like that ,15
7523,Agnesa,@mursya  have a nice trip dear   @mursya                                 5       and you re right we need more practice before Moscow  @filatoff  pf  P have a nice trip dear   @mursya,15
7588,AhbunBkk,@Qbert19 nice  were there a lot of ppl  I hope so cuz it was really nice past yr  ,15
7596,AhhItsHayley912,Heck no cole  you be perfect  Nice clean car  All ready for summer   drivin and drinkin ,15
7722,Aidzor,is ungrounded  @manda5297 lol  just take the horse buggies    you get a nice view but the smell isn t too good,15
7737,AikoChristine,Old lady stole my window seat on the plane  don t worry   I was nice and gave it to her,15
7913,Ainescattyhead,@PattinsonRobT Hope some day you can play some gigs in Ireland  there s a nice little venue in Cork called the Pavillion  Ta ra ,15
7953,Air_In_Hand,@anniecoupland you re just such an easy target  felt nice to sleep in a bed again ,15
7978,Airkiki13,I can t find any new shoes to buy  A lot of nice ones but they just don t scream buy me  http   myloc me 27NI,15
8227,Akirakirimaru,nice evening    simple to know why it was  ,15
8255,Aksharaaa,@bethycotter i will miss your twitter updates muchly  oh and nice going with zone  you re my running hero ,15
8372,Alalicja,@TheCrowns whoa  nice thing that future considerable band takes care of this stuff  awesome  do u have your favourites yet ,15
8499,AlaskaMiles,@TheWineVault I have long been a fan of a nice White or nice Merlot but this health drink I have is made from berry s but is non alcohol ,15
8532,AlbertHallado,@rickdearr Hi Rick nice to see you  ,15
8704,AlejandroRomero,@AllanGoesDMB Not work in argentina   you re lucky crazy dane  @marcuseaton flink s album sounds great  Good recommendation bra   @wondrous as u hello hello mi amiga  Do you like Mondays  Have a nice one   @HalloweenBaby I ve the same problem  always  I m not alone  ,15
8723,Aleksaaa_,Please  random people on twitter   TJ people chat with me   Woah  Sleepover would be a nice idea    but no  Shopping tomorrow   Going now byee twitterworld  ,15
8769,AleshaSymone,Bout 2 cook korean bbq beef  hawaiian macaroni potato salad and a nice iceberg salad  Its a nice day in Cali  @JohnJohn 25 oh you know it  ,15
8885,AlexDSA,is loving this weeks Loosegroove mix    www spaceinvaderradio com  go for the download  will put a smile on anyones face  nice one boys  ,15
9045,AlexRoseDavis,Didnt go out with Hannah after allllllll  O but still had loasa work to do    i have done almost none of it atm  DAMN   Owwwwwwwwww  I just walked into yet another door frame Ahhh   it kills       Why do people have 2 be so deceitful and unreal   But my love for Steve Jones and Channing Tatum has been renewed lol   their soo nice  I am still sore   plenty of aftersun should help  Have more work to do  But have day off tomorrow so will carry on  Why do people have 2 be so deceitful and unreal   But my love for Steve Jones and Channing Tatum has been renewed lol   their soo nice ,15
9109,Alex_Clough,   went to New Emperor as it was still open  Very nice actually  Walked past New Samsi  we should go there again  Sumo feast    @rickyambury    went to New Emperor as it was still open  Very nice actually  Walked past New Samsi  we should go there again  Sumo feast ,15
9206,Alexalan004,Yeah that would be nice   trust me I would if I could baby ,15
9635,AliThinks,@xtoddx Nice   I Love your t shirt ,15
9666,Ali_Star,@nikkiwoods Absolutely   it s particularly noticeable in London b coz we very rarely get nice weather so most of the time people are glum ,15
9700,Aliboopee,i need a pick me up  probably should be tackling cardio right now  like that s gonna happen     @UncleRUSH Good morning to you  Hope you have a nice productive day ,15
9717,AliceBCullen,@KeithLFC thats nice lol ,15
9745,AliceHyojinLee,Yesterday I went to Jericho beach  but it was cloudy     But playing frisbee was nice     I m not really used to go to school everyday     I need some rest                                                                              ,15
9769,AlicePalice,@Fashion Picture the link doesnt work  Boo schmoo  last day of work and everyone is so busy we can t have a nice lunch together  Pret at the desk then ey  @juliusuk thank you  Gonna download when I get home ,15
9906,AliciaSaysHello,@ddlovato o0o0o That is so cool  Is it really nice in Germany right now  I want to go now ,15
9965,Alienbea,@mamamona It looks nice   Where did the graphics come from ,15
9987,Aliiisha,Heading up to nashua to hang out with some old friends   It is soooo nice out   Going out for a bit  ,15
9988,Aliiluvsmetro87,Nice dinner  Just got back  Ah I have to read ,15
10041,AlisaIsmi,@iamapsycho yea fo sho    lets meet 2morrooo at menanggal  k  lmao c ya there and tell me wat u get in japan @assryl hellooo   nice to know you ,15
10387,Alleycat24,@nicolethesilly u too nice ,15
10503,Allie_Camhi,   And they cannot   I wish i was in Las Vegas with my sister  I miss her  I am babysitting this afternoon  It s going to be a long night with no Red wings or Tigers  Mother Nature is not being nice to the north eastern United States this week  ,15
10600,AllisonNBC4,@TVHoppin Thanks  @DonnaNBC4 let s hope it s a storm  @DonnaNBC4 Curves are still nice too  I was going to get one of them  but figured why should my husband be the only one with a storm  ,15
10630,Allisoninthesf,Mazy just got shots  but now she can come camping with us    Oh and noy getting rebies is nice too  Mazy just got shots  But now she can come camping with us   Oh and not getting rabies is nice too   ,15
10688,AllyAyr,@snedwan Done  don t block me  @Nettofabulous I m not after retweets  just your love by following   I really need to put the glass down and go to bed   hic  @BrianLimond tumour humour  nice  ,15
10894,AloneAndFree,I  m having a long nice morning in bed   alone  and the sun shows to day ,15
10901,AlonsoCA,@ehbs nice  i think i got a boner ,15
10925,Alph4d0g,@Jnocerin thanks for the pics of #RSC2009   Not quite as nice as being there myself  ,15
10991,AltCtrlDelete,Twitterfox is not work  So I don t check twitter now  Nice DJing Retief and nice party ,15
11036,AlturaAsheville,Nice to see the Dripolator was open behind Greenlife  Going to miss having them so close to the office though ,15
11066,Alvinium,I need some motivation in my life  oh and some love would be nice too ,15
11138,AlyGP,Umm    not that nice a day right now ,15
11264,Alyson_Rae,@mwaits hey gorgeous  nice pic   ,15
11469,AmaliaZacchara,@jakewebber The flowers were very nice  though  Thank you  ,15
11500,Amanda3484,Hi all  have a nice day   ,15
11535,AmandaBrant,@ChrisTJones  It was nice seeing you at the softball game  glad to see you take some time to have some fun   Good game   ,15
11592,AmandaGioseffi,The beach was surprisingly nice  Now work  @EmilyEvans21 Thanks guuurl  Good luck today  I am taking that as a sign ,15
12157,AmberM76,@TinaS71 9 weeks  it is still a little early but we saw the nice strong heartbeat today so I thought I would tell you guys  @jaceypants I wouldn t mind that either  @TinaDTB2 thanks ,15
12180,AmberPisano,Seans happy       Beach time  @la moda Otherwise  i ll use my cooking skills to conjure up a nice  knuckle sandwich  ,15
12222,Amber_Manning,on the bright side  i ve been awake since 7 30  ran a mile  showered  and found my iTouch  oh  amp  it s finally nice out ,15
12520,AmiSpaniel,it was a nice 79 degrees here today  didnt do too much panting ,15
12650,Amit00,@swiftor it was nice playing some games of fat princess and littlebigplanet with you yesterday  i always feel left out when you play 360 ,15
12670,Ammic,@thekelliejane Woo  yay for new contacts  Nice pictures ,15
12767,AmritpalS,Woke up with the biggest smile on his face  lol Is chilln  drinking a nice cold caramel frap from starbucks ,15
12850,AmyCasAlf,my bro is playing videogames  my mom is craft making  and here i am bord outa my mind with NOTHING 2 do   nice ,15
12887,AmyEllisPR,@85Lives oh hello  I ve never used @Mr Tweet before  Nice to meet you ,15
12926,AmyHutson,  don t want to go in from my lunch break cause its so nice outside ,15
13128,AmyWillson1,watching one tree hill  but in on a nice sunny day  isn t the breakfast club a great film ,15
13187,Amy_aka_Wab,I am attempting to find something nice to wear up the pub but it s not going well at all  Is wtchin MTV music awards ,15
13334,AnEastSunrise,@AlexAllTimeLow the new song is a really nice change    cant wait to hear the rest    ,15
13452,AnaSan1216,Getting home from a nice quiet evening with great friends  ,15
13560,AnandaYbarra,@262RUNR Nice  I still haven t figure out the lunchtime workout  namely  getting cleaned up afterwards  @athletetraining I can t do any of the gels  they all make me gag ,15
13776,Andiie_Lee,humm     I adore Mark #hoppusday  so I m just going to throw it out there #hoppusday        have a nice #hoppusday people   ,15
13783,Andinmadden,Have a nice day friend   G0d bless u ,15
13858,AndreaBaerland,@evensr  hehe nice ,15
13868,AndreaBryan,okaay   i have to go  bbye   gnight  Yaaaay   woohooo   Im baacck everybody  Yaay   this is may  @JonasBrothers Jooe u re ona in a million  i lov u so much   @SelenaGomez selena s mom congratulations  have a nice day ,15
13961,AndreaSwindall,@yaykimo Nice meeting you at Kids Mix too  Put the Pics on myspace  I hope You enjoyed Honor Society  ,15
14145,AndrewHansen1,@ThomasShea indeed   glad others are sharin the message  been tryin to tell ppl this for tooo long  @TheGazzMan wow you smashed 12 000  I was going to say congrats but instead I ll say   hurry up with 13   @TheGazzMan Oh nice  What s her @  There s a tweetup round here this week  @MichaelHyatt wow  goin to Ethiopia  Biz  Holiday  Some other mission  Very keen to go there  @markjoyner totally  I ve been waitin for somethin new and thought provoking at mj name  @mylesagnew NICE  Got any that are indexed that you want to unload   I need a few  @lindasmith247  quot who quot  is the best  I m not sure I understand   @unmarketing YES  Coffee Cake too  Hmm @elysiabrooker   you wanna go for another run   ,15
14201,AndrewRahal,was on set of Entourage today    will post a pic  I didn t get to work  but I watched    Hmm Isn t This Nice ,15
14435,AndyPanerai,@aplusk nice  i ll hope he will do a live chat ,15
14471,Andy_B_Clarkson,@verpabunny hey Kelly  nice to meet you the other night  now I can put a face to the tweets  ,15
14635,Angel2003,@RealRobPattz Hi nice guy on 2 legs   yes i have a fantastic morning   couldn t sleep the whole night    so i m still awake haha ,15
14675,AngelDawn13,Yay  Got my first review on RoSP and it s a nice one   Hanging out in my room  listening to Joni Mitchell  ,15
14860,AngelaStockman,Ah  so nice to see that my avatar and background page has been returned to me  Something to be said for ignoring problems after all  ,15
14910,Angelayang,@MissAddict yep that s probably it   @littomoo im in the same situation     @lisallewis al time financial low  @goaskalicia I ll go LMD  little mustard dress   @JennaIsWriting it s nice in the sun ,15
15103,Angelsmile77,Nice Weekend ,15
15169,AngieBCool,@dimediva4 Awww thats so nice  I ll miss you ,15
15213,AngieSoy,i deleted my old account  it was too nicey nice fun fun  oh well,15
15219,AngieWilder,Hello Ladies  It s wonderful to meet you all   eh  kinda meet anyway  LoL I m from Washington @lilzigz1 Well Rob can come to WA  we ll be nice to him  Right Jane  hehe  @TheLadyJane Eat a polish sausage  Then you can be just like me ,15
15221,AngieZherself,I met someone really special today    briefly    Ok I guess Manson is a bit slobby looking these days     @justinmj Nice   Can I meet you backstage in Mansfield   Pleeease   ,15
15320,Anguile,http   polfeeds com item D Day 2 President Obama and The First Lady hanging out in France with Sarko  amp  Carla  nice pictures   good to see,15
15423,AnimaxFan,Just wanted to say   Animax Rocks  @christinaponi Nice to meet you too ,15
15541,Aniuuuta,Roma s track is nice  like it Kind of came across it today listening to my winamp music  Music is very gentle  ,15
15550,AnjCatMey,@CharlotteLina I wish you a nice evening  You must dance all the time  otherwise it won t be that much fun  I m sorry for not coming ,15
15590,AnjiroRijo,back from a nice walk on Scheveningen with my lady    now producing  ,15
15602,AnkenyHorns01,rained out  hope its nice tomorrow,15
15664,Ann_Cory,@heidimoore Okay now that just isn t nice at all  My own editor even  lol ,15
15893,AnnaVodka,have to put my dog down tomorrow   Going to buy a new mattress   I love my nice new room but im so bad at keeping things clean  I hope this room doesnt turn to chaos  hung out with Alyssa and Austin  Had some delicious Sonic   @prettyxenigma it looked so nice at the time you were there   how long were you there for ,15
15965,Annabel_louise,seriously needs motivation  headache  Oh how I will miss watching loose women next week  Feels quite emotional after the aischwitz assembly  @lissyx im in garden now  its such a nice day ,15
15971,Annabellajewels,the sun doesn t seem to like to shine in NJ  @JLC23 Sorry i have not seen any nice cat eye s rings for men for me to sell ,15
15988,Annaforrealz,wish i didn t have work today  do damn nice outside bio final  when i could actually be doing cool shit on a super nice day  i get to study  awesome ,15
15990,Annagizer,Hopes every1 had a nice mothers day   ,15
16010,AnnaliseMcfly,@tommcfly hope you have a nice relaxing day    hope your well  wishing you all the best ,15
16037,Annconley,wondering if the cabin we are staying at in gatlinburg are really that nice ,15
16059,AnneCSmith,just enjoyed a walk in the burbs  nice quiet evening to finish a pretty good day ,15
16104,AnnePeace,@MajaFlowerPower you re so nice  Great you got Twitter ,15
16143,Annejil,Goodmorning tweeple  Nice weather  Femke is allready outdoor playing with Nova  Mom is having a fresh orange juice in her pyama  ,15
16213,Annfly,@voicst how nice  I like it  I bought your CD to get me through my test week  lovely ,15
16228,Annibum,@itsambertime haha  but i do think hes gay  hes following lance bass on twitter  Waking up to Michael Bubl    instead of Slipknot is a nice change  Beach til friday  If anyone is at Kiawah island or is goin there in the next week let me know  ,15
16275,AnnieLePage,We got in trouble 4 playing chinese at the bar   it s kindof nice to hear all my guy friend s say I m quite a catch and the guy I broke up with is losing out  Cheer up  ,15
16394,Annmar1eKe11y,i ve got a sore throat  woo hoo another nice day ,15
16408,Annocha,is about to leave and do a promotion a text would be nice but i guess its not gona happen ,15
16418,AnntasticLV,@Krucial nothing just joined up  @jnyflower Thank You   I Love LV   It was nice meeting you  Happy Sunday     @tonyblacknyc yeah we lost a tough game      Girardi pisses me off because he never makes the right bullpen moves   Cant win them all  @SIGuido Only Kidding ,15
16486,AnotherSociety,Thinks       i should have rented wheelman  @GameHounds Nice have a good time and send us loads of NEWS  Loving the new zombie map ,15
16492,Anou_Bhar,@nishniche hihi  Sorry I didnt reply  didnt turn up on my page  Yeah  multicolored stuff EVERYWHERE  hahaha injecting some sparkle in me  I was so surprised this morning indeed  Was nice though ,15
16529,AntBarlow,My ps3 keeps YLODing  Not a good sign  @AmosNgai why thank you  It was nice speaking with you too ,15
16571,Anthole,IS going bowling tonight in Llandudno  hate bowling  is working on his six week diet plan  day 2 Cod and rice  nice but i don t know how i will last 6 weeks  ,15
16609,AnthonyKetchum,@Allypwnzn00bz I miss youuu bbygrl   I am also trying to get through Stark Mountain in Pokemon Platinum  so I can catch Heatran   GAH  Finally home  Nice night at the hotel  ,15
16733,Antonea808,Today is also the last day of nice weather    i really missed the sun and i don t want it to leave   Cut a bit of skin off my finger    Owwwiiieeee    I think its time to go to bed now  Guess who now has the Sims 3 Collectors Edition  ME   Thanks to Sergio ,15
16742,AntoniaLV,Time to head home   San Fran was sooo nice  I m not going to miss these hills tho,15
16765,Antonio_RIT,I m going to miss RIT over the summer and more importantly someone  @freedomwitheald oh hi  nice to meet you  Wanna hang out sometime  ,15
16839,AnyColorBlack,@Hyperopia afternoon  u ve got a new pic  nice specs  @Hyperopia feeling better now that it  breakfast time ,15
17348,Arbonnetweets,@seneeseale  I m in company than  nice to meet you,15
17620,Arie_Ball,@redsoxnow Its called the luv of the game  Have willingly settled similarly  Nice they are ahead  ,15
17713,ArieztheGreat,@JanetMorris that sounds horrible  it s nice and sunny down here in florida ,15
17867,Armotag,Just maths today  hopefully Ill get home early to play some tf2 with the new update  OOO Greenday are trending  going to see them in october  had a nice day out  A lot less rain than yesterday ,15
17959,Arrapare,@peramirez it is now moring for me here so I will say good mornig  sorry i missed ur message last night   sorry norway eurovision but i didn t think u shoulda won coz it weren t so good   but alexander was cute fella  @BackStory dear backstory i dunno what happend to michaels twitter  its not there anymore  X 100 am trying play yovile on facebook but if feels 2 hard  this is sad news about the plane  am scared of flying  @DarrenRuane thanx very  much 4 the follow  nice to see other rosie fans   @greekdude yes very nice place  ,15
18134,Artook,@american45 IRG and Basiji kill a girl in the streets  Neda    Now try too blame it on U S  Nice knowing you IRG   #iranelection,15
18170,ArualSnikpoh,@Jewel Lia Should have grabbed some on the way to work  @Jewel Lia  Are the drugs working  Wanted to post a nice story but the link is too long  How do I make it shorter  Oh no I missed the cupcake lady while I was making my coffee ,15
18181,ArunaRk,@challiyan    i ve been to Kodanad long back  nice place   give my  quot hi quot  to the baby elephants    have a nice day with ur frnds   ,15
18212,Arylwren,My phone is messed up   it says messages I just got came 5 hours ago  Hmm    Car place I trust is booked for the day  Might not make it down after all   Was able to talk to a few people I had classes with  It was nice  ,15
18424,AshSherrick,so mad that shes working this entire week  no nice days for me  ,15
18513,AshburnFarm,Just found out that Broadlands is posting pool info   closings  swim team updates at @bhoapools Nice   Over here  swimming in the rain   ,15
18526,AsheTheRealtor,Craker Barrel is sounding real good right now   May even purchase a nice quilt ,15
18601,AshishMehra,@Rohizle nice  just saw their website  Loads of big names   did you go as a company rep  When do head back to apun ka desh  lol ,15
18687,Ashleigh18x,Such a nice day outside  booo for work     ,15
18740,Ashleighmariie,finally got home and get to sleep  had a great time with @jessimon and friends   @rmalillin shoot  your next paycheck is going to be NICE   lol ,15
18747,Ashletcher,So after being here all day  amp  nite  my friend didnt make it  BOO  That sucks Afterparty from his show was nice  Didn t meet anyone worth mentioning though ,15
18871,AshleyFersher,such a nice day  Sickk  But life is still good  ,15
18918,AshleyKMS,First Ricky is being NICE  then Graces dad dies  And now Ben and Amy break up      This is officially not my favorite season  ,15
19097,Ashley_04,it s so nice out today   going for a walk ,15
19291,Ashraf_Bashir,from B to B       yafar7ete beek yabogabal  OOOFFF a miss a nice occasion while bing in lunch  ooooffff ,15
19430,Askar,Wondering why and how page rank at DemoGeek com dropped to 2  For some reason Google is not playing nice with me these days ,15
19523,Astor_Helseth,Was all blue yesterday  MFK won over AaFK   Colder today but I think we are going for a quick nice BBQ ,15
19673,AtlCavalier,I hit a nice bunt and got to 1st    but got left stranded on 2nd  #atl #WaHoos,15
19691,AtlantisExchang,We hope all our volunteers and participant had a nice 17th of May  Congrats   ,15
19743,Atsadaporn,@jessicas71 hi  nice to meet u ,15
19886,Audiulhakim,@Oprah hello  nice to meet u,15
19947,Audrey_T,@Jinxeh You should catch up and tell me if it s getting boring   @brightflashburn No problem   Have a nice sleep   @Jinxeh Thank you  ,15
20020,AuniKlimbek,@stephenfry Mid pleasures and palaces though we may roam  Be it ever so humble  there s no place like home     Have a nice day wandering ,15
20141,AusTxNerd,@robby therobot Hey Robert  Nice to see you on twitter  Happy Austin Pride ,15
20201,Aussieinnorwich,is all alone in Nice ,15
20234,AustinHush,@Witheveryintake Aww there was a degrassi marathon   I missed it Is working on some more poems  Check out the blog  AustinHush tumblr con  look at some of my other work while your at it  Its such a nice day out  I think im gonna go out for a jog  Gotta practice for cross country this summer ,15
20265,Austincurtis1,It s way to nice out to clean today  ,15
20315,Autobot_Glyph,@ConviBot12 OOC  Too bad he s not that active   @Blitzscream Nice icon  @ Shockwave  Hmm  You re not bad for a decepticon  Could ya give me some cookies too  ,15
20516,Avice,@Kmoennig  haha you funny  person you  don t you burn yourself now  Met Nelly Furtado and Bradley Cooper today   Both very nice people ,15
20847,Aynjol,Lunch wasnt that great  Mostly mashed potatoes  I love working at food 4 less  co workers are nice and funny  good flow  awesome hours  nice people  hot goyuhls  and good benefits ,15
21092,B3thy,it was so nice out   unfortunately Tony did not win  okay time to get to work    have a good Monday everyone  anywho   had to share my excitement    have a great day everyone ,15
21238,BBChappy,@osugambit bc she told me she loves big noses   Not y im n boston but nice bonus ,15
21456,BEL212,well i think its over before it even began  NICE ,15
21652,BJaMsWorld,@KabutoHunter Nice job  I tried watching you play  but Justin tv refused to work for me   Hopefully you stream another great game soon ,15
21767,BLueCATDeMoCrAT,@john iceknife I can t hear yodeling penguins    reads  Prelude and Yodel    unavailable   running out to buy PEZ brb @Marielhemingway thanks so much for going to Ft  Lewis you re so nice my son is in the 62nd Medical Brigade FST going to Iraq in Dec   @Change for Iran Leave  Oh no   Stay safe  This is just terrible  So frightening  @andrewhuntre  The link won t open   Its so nice to see everyone wearing freedom green   Peace to Iran ,15
21876,BOMBbayDUCKS,Up early  starting my day with a nice shower ,15
22002,BRITNEEbaby,SUPER tired  I had a nice chill weekend w  the fam  Just the way I likes it  Twenty eight more days ,15
22006,BRITTANYN112,@Mszjai nvm i just got ur message that ur sick  @iyngleo thank you 4 the nice welcome ,15
22330,B_is_2Fly,@creativeswag awl  that sounds nice,15
22561,BabyGurl83,I kind of wish I had company last night  I would of woke up this morning 2 a nice man wit a nice ass body  He he he ,15
22615,BabyTherese,A nice morning to everyone  ,15
22693,Babykiks,Going to the spa for a nice deep cleansing body scrub and pedicure yayyyy   ,15
22708,BabyxAngel,@lilyroseallen  Morning  Hows Nice shaping up  To your likes  I hate the spiteful comments towards you  Todays the Final ,15
22741,Backslash2010,Will take that nice jacket back as i have nowt that goes with it  Sour Skittles and Rubbish Brothers,15
22923,BaiRen,looking for friends on twitter   Nice to meet you,15
22971,BaileySweet,@QueenSapphyre He has such great taste in shoes  Those Adidas are nice too  really lovely  What size do you wear  in female ,15
23020,BakerTheZombie,@smashthew Thanks a lot  The little extra is always nice  Helps fund the expense of getting me out there  ,15
23026,BakingGALS,@DeltaWhiskey1 Hello   Nice to see you too  @doughmesstic You crack me up  ,15
23379,BarbP154,Just got back from a friend s trailer   Had a nice campfire   Off to the dentist tomorrow   Yikes   ,15
23544,Barista_Babe,And she said out of all the people who have tried to help them  I m definitely the best     Its always nice to get a compliment,15
23623,Barrymonday,@etrichell1 may I suggest Burger King    That s their motto  About to leave the gulf coast    Very nice outside    Sorta wish I were staying ,15
23677,Bashmohandes,30 mins on Ubuntu  looks nice  no wirelss  looking into how to solve this,15
23694,BasimSultan,@Safaaabdalla thanks safaa  it has been a really really loooooong time since the business comm  class  nice to meet u again   @sharrab it was a very very nice game anyway ,15
23713,BassVintageShop,@DannyMacRant  Cool screen name  Nice tweeting with you  gotta work dinner now  Let me know if there s anything you want to see on site ,15
23790,Batism,Nice weekend  Maintenant bouloooot ,15
23831,BaukeFrans,Nice day for a Pet  ca tourny  ,15
23838,BavarianTomcat,Air France Airbus A332 missing of the Brazil Coast  FRA Airport to board SK 2636 in about 30 minutes to ARN     should be a nice 2 hour flight  time for some trance atc ,15
23839,Bavers,@ahanson awww I just had a coffee and millies apple and cinnamon   @neiltring what a load of shit this is  click the link though   nice pics   @hottieann9022,15
23908,Bayzor,eating chocolate and listening to beethoven  nice ,15
23913,Baz_k,@Labyr1nth you should do that at work  its not what a nice weekend is for  is digging for victory  or for a new path ,15
24027,BeMeaningful,@HappyLotus Nice  I had a great wkend too  My brother left  but we had a blast  amp  today I made some fantastic new friends  Feeling blessed  @JustiseLasley That made me smile  Thank you  @taubin Nice  Thanks for that  @markbuhrke Not entirely inedible   just not that good  Next time he will cook  @jimhandi Thanks Jim   How are you  Got anything fun planned this weekend  @jimhandi Fun times  Enjoy your Saturday  Drinks w  my dear fried James tonight  Man I missed that guy  Bedtime  Sending love to the Twitterverse   @Hans Karl Thank you Hans  You  too  @robcuzican Wow that s awesome  I am happy to be connected  @agent139 Fantastic  I will read and share  Thank you  @tomawesome You re very welcome  No imposition   I am happy to help  @monagrayson I m honored  Thank you for reading   I hope you enjoy it  @KouRaGe Ur welcome  Im a little late for #ff   Had a fun day with new guy who told me he loves me last night  Huge smile  How was ur day  @KouRaGe That s awesome  Sounds like it could lead to something good  I m excited for you  @hochmann Nice  Having two birthdays sounds pretty sweet  @DebraSnider You re welcome  Always great to learn new ways to approach the craft of writing ,15
24078,Bea_WPRP,mmmm croissants for breakfast again  it s great to have nice sharing work colleagues   @WildlifePhotog yep  latest expense claim in is from a tyre shop in Frimley   @bromfieldhall can t say it was an uneventful weekend  I m tired just reading abt it  What s Asylum 3   ,15
24102,BeachgirlArt,had such a nice time visiting with my friend Viv  Great to remember the good times ,15
24408,BeautySparkle08,watching movies online  @AshBo that s awesome i ve been excited since the first day you announced you re going to do updates  i LOVE whateverlife  @AshBo hope you are enjoying the nice summer weather Have a nice day ,15
24579,BeccaLister,@andyt5303 i want to go outtt  @MiniRiggers haha sounds nice  fake bake is supposed to go to your holiday tan colour  i like mine but i wish it was darker lol ,15
24602,BeccaSays_,@ToriToro THANK YOUUU  School tomorrow  If I had homework  I didn t do it  Bye  Home  that BCC thing was coo  Kayley  that hoe I was talking about turned out to be really nice  I had a nice chat with her  Aha  Home   quot DO you guys think I m dirty  quot  Ahahaha  Just woke up  Happy birthday dad  Kayley s for a while  bye ,15
24713,Beck029,Cleaning sucks  @SummerAmes That does sound nice ,15
24752,Beckenham,@octoberish that was one slow jump or a very large parachute and slow decent to the dormat  I know the creators of ASOS  nice bunch ,15
24815,Becks_beer,@iambmelt cheers dude  It s asking me for the original sim though that i don t have  @Spangila i just noticed your profile pic  btw  nice  I hope you re not a butterface   @mapletears pah  My parents  I aspre to be far greater than they ever were  @dhudha why hello  good thanks  Any you ,15
24821,Becktaa,I am very bored because i am doing bloody textiles revision and its really nice out so im tres tres anoyed ,15
24835,Becky7453,@Jonasbrothers Ooooh veryyy nice    Though I have to admit I m more excited to hear it ,15
25037,Bee90,Almost fell out of bed this morning   not a nice way to wake up    Okaaay    I am off     In a few hours I shall be in a completely different place     the middle of nowhere to be exact  what fun   haha  I m homeeee    Had an awesome week    Good timesss  THE PIGEONS ARE ALIVEEE       and eating my garden   but at least I don t have two dead birds to deal with    I ll let them eat  ,15
25065,BeeJayEmCee,Twitterville   I ve missed you  In TO til sunday   Enjoyin the rain  but drinking age is 19  Had a nice little appletini today  @spicesierra sorry to hear that  on the way to the family party   about to crush  I miss my phone  505 and I m at work   vacay s officially over  That was bum  Now I need to sleep before Its time to start the day at 430  G Night Twamily  No food at home  what am I gonna eat    Using tweetdeck right now   must admit it s pretty nice  Awww TwitterFon  HoneyBuns are my favorite snack ever   I could eat them all day  But I m really in need of some food but we don t have sh t here   @ZtotheIG you have to tell me how rehearsal goes this weekend  Im sad im gonna miss all the hilarity along with that effin village scene  ,15
25185,BeetleBryan,Listening to my new ableplanet headphones for the first time   very nice   another awesome woot buy   http   bit ly 14FVjU,15
25196,Beeyourselfdsgn,@SR9431 Hi  You too   Happy Sunday   It s a little chilly out today   Perfect day for our deck to be stained   @studio618 thanks for sharing   @Sonya You should give Etsy a try   You do nice work  ,15
25197,Beeyoutifful,@yaznighthawk your on  LOL  Nice first updateeeeeee,15
25248,Beii_17,Is so hurt from last night s fight with my mom  geez  seriously  how could Marcuz not like David s songs   It always feels good after a nice refreshing bath  @TheRealJordin Goodmorning  How s your breakfast Jordin   @Hatz94 Hey there ,15
25366,Belfastgirly,was talking with jo on skype it was nice cant wait to c her  ,15
25659,Bellerjo,I have jury duty tomorrow  @emmadubois  Oddly  it s nicer here than there  And  it s not all that nice here   XOXO   ,15
25833,BenStokell,is pleased that it s friday  but school is going to be such an anticlimax after the circus  has downloaded malwarebytes  anti malware to try and get rid of his virus  @DJAJM2005 no  not yet  have emailed amazon today though  i ve been a bit tied up with this virus i got   gone now though  @TheInsaneNinja it depends on the touchpad for me  my current one is pretty nice to use  with gestures installed  but it s wearing away   @ollieisatwit i agree they re normally crappy  but my one is actually quite nice   3 quot  diagonal with gestures  it s wearing down though  @MissEmoFace i like the sun in moderation   but not when it reflects off the computer screen AAARGH  overcast is my deal  @TheInsaneNinja you actually watch that crap  i d rather have a large truck run over my head until my eyes pop out  which are then burnt ,15
25887,Ben_fisher,IAMX gig was outstanding last night and as I was driving it was nice to wake up without a hangover        Good times     ,15
26047,BennyHH,My nice car    such a huge buckle  Yes    more Beer ,15
26078,Bensof,Great party  great people   Nice of the cops to show up to ,15
26204,Berniegi,@EATTHATFROG nice idea ,15
26271,Bertmcgrits,Packing some random stuff up and ran across something I wrote in 2005 about nice guys    So sad ,15
26403,BethDLWaller,Well I have had a nice day off so far  had all my hair cut  and now i have to do some housework  but you can t have fun all the time  wants a starbucks  but can t justify the price  Now i want a chicken chow mein  and some vodka lime and lemonade  Going to the pub would be quite nice too but that ain t going to happen  Oh it just gets worse  the bank balance is very low  back home  Feeling sad ,15
26513,BethanyAnn28,Off to work soon 5am to     @stephgelletta Nice  yeah i would be scared to drive it too   lol Fruit punch yummy    It might stain   @stevegelletta   that s okay  another day  we will all have to hang  back to work tomorrow for the next 5 longggg days     ,15
26518,BethanyCuenod,I just had a really long sleep and it felt really nice  It s nice when nice things feel nice,15
26548,Bethany_Erin,Nice long day at noble falls ,15
26586,BethhFoster,I m mad at you  @mileycyrus     If it doesn t work out the first time  don t go back to it  Honestly  It ll make problems worse  I just had a nice chat with Virgin Radio  ,15
26891,BeyonceWorld,@syncerepapi just winding down after a nice weekend   back to the real world tomorrow  @SabahVip well thank you  we love you too ,15
27201,BigBoyBrent,Uhmm    No she s in town  she went to Costa to relax  im sorry   @aliceisawesome idk   ur very nice  @emmyISemily Hello  im Brent  Amy s Big Brother  nice to meet you  Amy left btw ,15
27592,BillSTL,@simpson316 it s nice having 2 teen boys home during the day this summer   lots of mowing resources ,15
27595,BillTamminga,@dudeman718 Have you seen Wolverine   Might want to change that pic   There s a new sheriff in town    @kendallthiessen ha   very funny     Nice day to be at the park ,15
27602,Bill_Cecchini,@NathanBabcock Check out Birmingham  AL  I hear it s nice this time of the year ,15
27760,Bingo85,in work  nice day again  I m not In Bruges ,15
27762,Bingy,Lots of rain outside  Time to deploy the hovercraft   back after a lovely day out  Thanks for all the nice messages   x,15
27804,BioHosts,@RsyncPalace The logo is looking good very nice ,15
28119,BlackBang,good morning pforzheim  what a nice day but no time for chillin  yeah weeekend  plan  jogging  eating lasagne and then back to university ,15
28170,BlackNapkin61,@Sandriche hehehe   youve arrived  cool   jus keep people updated to what your doing in the day  and follow what others are doing   x rich just seen Joe Brown mooching round the streets of Henley   he smiled at me   he s human I guess      nice ,15
28199,BlackSwanImages,Edict just been announced  No social networking using the office system  OK Tweet this then evening chaps  And still it rains  @laura eyedea It is all such nice kit with people working in the shop that know what they are talking about  @stesimpson Not another one held captive in the Shepherd s Bush Bazaar  Anyway  Good morning all and I hope you all have an excellent Sunday  @terakopian Many thanks  @laura eyedea Luck Lady  and I bet the sun is shining  Feeling very positive  I am determined top do more work for me rather than for them  no more bloody aircraft pictures  @stesimpson Congratulations  Nice start to your week  @garethcopley Welwyn   @maltpress Interesting point  I asked this in the O2 shop in the Grafton yesterday and the answer was  When Steve Jobs announces it   The BBC  R4  will  Keep in touch with Demotix to find out whats going  on  Fantastic  @laura eyedea Excellent well I m going all day on Thursday so hopefully see you there ,15
28221,Black_Grapes,@Deannaxoxo Hi There   Nice tats   I found you through #entrepreneur   What are you getting in to ,15
28348,Blair_Bookshop,Just about to set off on a book hunt  I always set off hoping for huge bag of 1st editions Dickens 1st ed  for a pound would be nice ,15
28352,Blair_P_L,@babybangs213 Hi Anjie  nice to meet you  i am Blair,15
28435,BlankMustDie,@bren3gold Hiya Brenda   My Friday was long  but pretty great  How was yours  Are you having a nice weekend ,15
28474,Blastcage,YEAH I DEFINATELY DID  SUP SALOMA  IT S NICE THAT YOU ARE FOLLOWING ME  EVEN THOUGH YOU MIGHT BE A BOT OR SOMETHING ,15
28608,Blindfaith73,@collective soul darn no tour dates near me  @texasheartland  @ADHD Hunter i sure will   nice to see u again  missed hearing from u,15
28673,Blix4,@brendonmoeller   Nice       have fun 2night pal    ,15
28696,BlnFleur,this was a wonderful long weekend with a lot of sun and coffee  was a nice calm weekend  all 5 babybirds finally hatched ,15
28729,BloggyDave,Just had a walk in the park on my lunch break    it s too nice to go back to work  x Felt baby kick last night for the first time  Amazing   x,15
28914,BluJay,I know  Its such a nice day  And I have nothing fun to do but lots of unfun things to do      ,15
28944,BlueBird001,@thehoosiersuk    just seen your myspace blog    I won t pretend I m not gutte    Read More  http   is gd Clg3 @thehoosiersuk http   twitpic com 2yafi   p s  nice table  mums gone back to spain now  but she ll be back in about a month  listening to Just Jack   embers  #musicmonday @Mountaineer 3 @thehoosiersuk me too  will be thinking of you both  xxx @zoebatsparkes  aaw me too  D lol yeah that s a nice pic you ve got too  listening to Modest Mouse   missed the boat     great song  ,15
29036,BlueSky4691,@cloudpurple Frank mark 2 is as cute as frank mark 1  you has done a good job with him off to take dog for a walk in the rain  seems so long since a wet walk  nice that it is cooler though ,15
29205,BnDesired1,@iammrbarker That is a vVVVVVVVVVVVVVVVVVVVVVVVVVery nice picture of you  I had 2 look again   WOW    thats what a man looks like ,15
29228,BoBislav,have a nice sunny monday  http   bit ly tpztP,15
29470,BodOfBritain,My facebook status is good today I ve used binary to say whoever decodes it gets to suck my cock as a prize  No winners just yet  @CatatonicCat i hope your day improves  doesn t sound like a nice meeting @CatatonicCat it s a Lotus 7 replica  it s quite lethal  so only comes out on nice weather days  @CatatonicCat don t worry  it will be black  I would have a red or graphite grey one though if it had a monster spec,15
29484,BodoHL,@marty0518 thx  I had a nice day today  ,15
29664,Bonefish75,I think i may have a tumor  Welp already back on the couch  First beer at 1038     Nice ,15
29686,BongiMbelu,likes suzie    but misses her buttercup  is listening 2 sum nice jazz  Makes me happy  ,15
29753,BonnieMercer,@johnolah nice one  the footy match i watched was quite disappointing unfortunately  ,15
30060,BornSlacker,@MindyArtist Yea  I lost a bunch of work yesterday  Same issue  Auto recover was not so nice to me  ,15
30132,BostAngeles,@ JOLIE FILLE  Nice review  Your turning into a pretty good movie critic  ,15
30135,BostjanCizelj,@GregorVucajnk Nice idea  Thanks for a tip  The question now is  who uses the Twitter and delvers the food in or around Ljubljana  @tamejhna I managed to find few places where you can combine fun  pleasure and savings but it took some planning though ,15
30158,Boston_NiteOwl,@whitleystrieber Whitley   that was a very good coast show you did  It flowed nice  sometimes they can be spiky  but not that one  ,15
30315,Boydeejay,So nice out  But gotta work  ,15
30322,Boylepoker__,Our sponsored pro John O Shea came first in last night s ECOOP event #9  All those who won shares of him on Boylepoker got a nice payday ,15
30353,Bqueens,@leticiaah Do you one og Skye Sweetnam s Fan too    she s amazing nice to meet ya leticiaah ,15
30358,Br1ck70p,just a quiet Sunday enjoying a nice cold Corona EXTRA  ahhhhhhh    ,15
30431,BradWhyte,I promised myself no more cheese and tobasco butties    The are too nice though  @bendaviswxm aye  got doctors and dentist on Friday to see if they can sort me out ,15
30711,BrandonMorgan,What a nice day out   find someone you care about and share it with them     Too bad the person I care about is being a dick to me ,15
30851,Bravstar,@luvmadevisible nice thing abt dreams XP and why are your yayas taking advantage of you   @luvmadevisible oh you should watch again  As Good As It Gets  again  You will so love the quote there ,15
30921,Bre_Alwayz123,@DanJoeNick Nice skit    I loved it  So funny   I ve decided I m tired  So goodnight evry fellow twitterer  ,15
31152,Brekekeman,@Chiarissima Yeah  I think i won t stay in here for long  just one last thing to do and buh bye  Nice to meet u tho ,15
31332,BrettJNickol,@Tommyrob oh nice  do you like it  And not really just a week ago we got rid of our snow   ,15
31362,Brettster1,still looking after David  Been shopping and found lots of nice things but did not buy anything ,15
31467,Brian31781,Wishing The Job Market Was Better     Would Be Nice To Apply My College Education,15
31541,BrianPointy,@oOPink LadyOo You little jet setter  you   K  ln would be nice tho  ,15
31544,BrianR,@NataniaBarron I had a similar experience as a young person being in love with The Beatles music     Nice article  Congratulations @seancribbs @elizabethcribbs      May you have many more happy years ,15
31654,BriannaDanielle,@brittjohnson  WHAT     That is so not nice ,15
31774,BridgetChumbley,@StephStricklen I haven t had an @whiffies pie yet either and my hubby @DaleChumbley was there last night and did not bring me home one   @AmericanWomannn Tons of problems   still happening on and off  On my way to volunteer in my daughters 5th grade class   the year is almost over and then no more elementary school  @RealAnnieDuke Keep wearing your p p p poker face and you ll be fine     Go Annie    On my way out the door to enjoy the 75 degrees on a nice long leisurely walk  @MelissaEGilbert You take all this time to answer peeps and then they complain and correct you   thanks for being patient  Not easy  @PDXsays If only I could pay myself by the word on days like yesterday   Instead I just get to love it   guess that works too  Time to go show @DaleChumbley a thing or two at playin  cards   Have a nice night everyone   ,15
31813,Bridgey27,it s too nice outside to be inside working  ,15
31839,Brielle128,well  that was a nice summer wasn t it  fall is here and we need to get ready for winter  Strap on kiddies  Its Jingle Bell time    ,15
31859,Briggitz,Work spoils everything i want to be im my garden  feeling small and insignificant      kinda nice  peaceful  watching nat geo channel before lil browns grad party and BOWLING TONITE      cant wait to see @AShepler among others ,15
31893,BrigidCMur,@ddlovato you re one of the most amazing people   it s nice to see sane celebrities  you and selena are my favorites   ,15
31988,BristleKRS,Got me some nice fillet steaks from Dave Giles  but no pork joints or chicken left ,15
32401,Brittanymarie14,Sometimes I wish that I had a different mom   Shes not that nice all the time and its not cool at all ,15
32434,Brittknee129,working all day on mothers dayy  but i left my mommy a nice present for when they get back  ,15
32474,Brittneyhey,4 weeks    I m coming home Friday which nice  I wouldn t mind staying up longer if we had a drilling rig running but no such luck   sitting in the Minot airport  My plane doesnt leave for three hours ,15
32548,Brneyedgurl777,is ready 4 him 2 cum home already ughhhhh          i miss him  is thinkin right bout this time with lightnin n thunder storm it b nice 2 have a boi 2 cuddle with  is now goin 2 bed          no fone call 2night  kinda hopin i get a txt or call 2night but i doubt i will  is soooo ready 4 2morrow  has 4hrs til she gets 2 hangout with @supernatual34 yay i cant wait          i miss ya  just got a nice pedicure  is goin 2 go b with a friend 2night ,15
32554,BroMoshaholic,when is it gonna be nice out ,15
32671,Brokwatcher,@howie d It s a pleassure making you both smile   Have a nice day and you are making me smile as well being on twitter   aahhh nice  ,15
32709,Bronxguy362,@jolynleg HI I WOULD LOVE TO COME BY AND COOK A NICE MEAL FOR YOU XOX ,15
33041,Brucetenci,@Therapist Model  hello  supermodel  nice to meet   how are you  @juliannehough  hello I m glad to meet you  How are you   I like your hair style Can you tell me     @aymbereye i feel you have a beautiful life   http   bit ly O6wsZ @MariaSass I m looking forward to learning more about you I m following you    @himynameisalyna don t worry it s just say hello   I love music   it s let me more relax       @Benedictegj hello   nice to meet I m Brucetenci How are you      @RaeLopez hello i m Brucetenci Nice to meet you How r u That girl is very elegant in the picture  @adventuregirl I really like travel   and your blog is helpful for me  I  m following you ,15
33098,BrunoLogan,@ceichstaedt I guess it ll work under fusion  Otherwise you ll have to boot directly to Vista just to do some online banking  which sucks  @pumpkin  it s a great language  But yes  it really can be hateful sometimes  Hello tweeters  Hope you re all better than me  I m at the hospital  Good morning  It s a really nice day here  Too bad I m in such pain  This ain t gonna be easy today  Outside  We re having a nice temperature tonight  Good morning  peeps  ,15
33428,BubbliBrenna,@SmiliSteph nice picture but when you click on it you cant see it enlarged ,15
33449,Buborek,I m sending my  I am here   message to    kos  Isn t it nice  ,15
33460,Buccianti,@usembassylondon Thanks for the update  The embassy has been busy the last few weeks  nice work  ,15
33481,BuckeyeFan511,So for the first time in my life i finally captured a picture of lightning    SuMmErNiGhTs @shashembrey You could get a nice frappacino from Starbucks  That d help you wake up ,15
33574,BuffySK,hmm  rainy weekend  how nice    ,15
33657,BumbershootNews,yes  @JoshRoxxx     we re always watching  And we re glad your dad is gonna hook you up   You better be nice to him on Father s Day ,15
33691,BundaRashya,@pr1tS welcome to d tweet    @okeyria ahahahaha    that tragedy on Friday 6th June 2008  i m free    Prepare for saturday nite s out  where with who    @halleyzone have a nice weekend sizt   ,15
33733,BunnyHoe,Iker Casillas isn t playing    why isn t he playing     I was prepared for some eye candy  At a beach all alone  it s nice as fuck ,15
33745,BunnyPrincesse,@MadisonCreek you d better start biting  bay and i are on today s most powerful vampire list  @BunnyJeanCook nice to see your eyes ,15
33834,Burntchx,@iammissvu I should move 2 So Cal   I miss u all  I don t like Sookie s hair this season  Ah yessss   Enjoying the cool loveliness of my bedding room  Took a nice  long country drive this morning   GadDANG it was gorgeous   ,15
33838,Burrhead,Cannot believe how nice it is outside  Gotta mow the lawn though ,15
33841,Burstowl,@missjenn409 Hello Miss Jenn  Welcome to the wonderful world of twittering  Nice to have you onboard  @claretgirl hahah post them on here  P L E A S E      Ironing all done     off for a nice shower and shave  If I had won the Euro lotters and    110 million I would have gone into the city and begged for a sandwich  1st one to do it       1m prize ,15
33876,BusinessTalk,Whew  What a day  Back to back client meetings  Now back at desk with 103 emails to deal with  Need Tim Ferris to outsource for me @Mishon8 bummer  Who can I follow to get these alerts  I cannot make tomorrow  @joshuadenney Nice to meet you  @CarpeDiem NZ Hmmm I am having some trouble with it on MAC  Just sent tweet to them  @mdalin Never did it occur to me ,15
33907,Busygirl727,I like him too  but Ive decided not to be a heartless  Bitch   Empathy is a pain in my ass  @pinecat awe   ur grandparents are official  It was nice meeting them and I m lookin forward too seein them when they cme back ,15
34002,Butterflybes,Been at work since 6 a m    I wanna be in bed     w  Donnie W  would be oh so nice ,15
34100,Bwitchedpage,@angelledeville Take Stress Leave   it may make you feel better  Everyone knows you deserve it   @angelledeville YOU would be so proud of my words sent to her  Where are you today  I  miss  you   Almost Wednesday   NIte all   Oh   Good Morning Twitty s   Saturday Greetings to all of you  @raevynlunatique Awww   what a nice day  ,15
34145,ByrnesBabe_09,Burnt Agenn  Nice Day Tho  xxx @nickybyrneoffic  a Year i Really Wanted To Be There  Whens the next gig there then   even tho it would take me ages i will still go xxx,15
34158,ByteMaster0,Bike ride  car washed  area paper wasn t totally shot down  nice nap  then more work   not a bad Saturday  ,15
34540,CCandeias,is planning a busy and hopefully nice weekend  has finished an article about NGN  finally ,15
34571,CDALorna,Up and at  em today  Just had a nice breakfast while watching KXLY  checking email  networking sites and packing lunch for the kiddo  ,15
34679,CFMikeMiranda,@carlossoto nice to meet you  Mike  video producer CF Miami  ,15
34730,CGup04,Such a nice day out  too bad i gotta work ,15
34772,CHARLYlaveer,I painted tonight     it was nice and relaxing   I didn t realize i was outside for like two and a half hours just painting   lol,15
34951,CJAwesome,@thinhybear It s her first  and she wore white pants today  Be nice ,15
34962,CJEBQZR,tomorrow the countdown starts    only 15 days left until exams    Whoot whoot lol    got my year book today yep    i want to go swimming     its sooooooo nice out       ,15
34968,CJKeen,Sure would be nice to be lying on Savannah Beach today      but it s off to another meeting instead   oh well    ,15
34974,CJMRoss,@oldmanknott nice dude  Mr Henry enjoyed it  I m guessing  Listening to an awful cover of mandolin wind on spotify acoustic moods of rod ,15
35009,CJapak,Aahhhh a nice lazy weekend with no plans ,15
35056,CKyle22,@shwS make your Internets work please    I finally have a decent connection and haven t talked to you in a week   Also  nice article @kries Feel better   @shwS Tomorrow is my last day whooo Sports night  ,15
35075,CLDukes,@MsSimonaMihiela thats nice to know  @sarahmcdowd Saturdays are supposed to be cozy time ,15
35254,COCOZOZO,@lombers well my phone was dropped    It s stuck on silent     @lombers hey buddy  It was great  Just a nice lunch    Some beers and Arcade action   ,15
35461,CSSline,@roxeteer It s always nice to add great websites coming from Finland  ,15
35744,CaRRiC0,Working til 11 on this nice day ,15
35800,CabinFever80pf,enjoying a nice glass of Cabin Fever and Lemonade ,15
35976,CaitDaviesUK,@georgierae lol  hope you had a great time babe  missed ya this week  x @photofireman22 thanks  Nice to know that somebody watches them  x,15
36138,CaitlynTheTurke,jus woke up n it looks really nice outside ,15
36333,CaliChristina,mother s day dinner with mommy  amp  the fam  @aubreyoday WOW MR AGUILARA IS A DOUCHE   NICE COMEBACK  @aubreyoday WOW MR AGUILERA IS A DOUCHE   NICE COMEBACK  @RobKardashian suggestion Fresh Prince on Nick @ Night    gnite   is @ home   had a fun weekend with my Duchees  Party  Beach  Denny s  Movies  Dinner    aaaaahhhhh     perfecttt     luv u guyssss     House of Blues tonight   Going to my first show   WooHoo     ,15
36522,Callme_Mama,@locksmiff Tonight  @Let not my will aww that wud be nice  But I m at wrk ,15
36546,Cally38,going to have a quick coffee b4 my luxnchtime stint at school    hopefully the kids will play nice  the sun is out  ,15
36580,Calvinrockstar,Chris just farted in the UJFM studio    thats not nice is it  ,15
36651,Cambridge130Lan,Stop by the Cambridge Bus Stop  Tomorrow 6 16 2009 @ 9am  and pick up a NICE  COOL CUP OF SWEET TEA       See you there ,15
36658,Camdc519,at my brother s condo  it s so nice      watchin the game ofcousre    what else   ,15
36683,CameronCanchola,Hailie is a butthead   so won t go on a nice am walk   30 minutes of musical therapy  ,15
36744,Camikatcal,@tommcfly would be nice if you reply me  hello from brazil  tom  xx @dougiemcfly would be nice if you reply me  hello from brazil  tom  xx,15
36756,Camila_V,listening to The Veronicas   This Love  nice song ,15
36793,CamilleClaudell,@demiwinsor I ment on your holls  and i know im a nice person ,15
36819,Camissa,Just woke from the longest sleep in months so nice  Now to get some work done so i m prepped for next wk  amp  free for K coming home tonight ,15
36852,Campariman,@flynavy nice  but all ze planes look the same  what about diversity  @lcstranslations then you re a member of the eh Team    @NavyNews Hartford  did everyone get SWO qualed  ,15
36926,Canadiangirl25,usually cbc covers the playoffs but something else is on rite now   this sucks  I guess 4 some things it would b nice 2 get cable ,15
37158,Cann0n2o,@hellopablo  Get a G2 andriod its not as nice but its still good ,15
37257,CapnScarlett,@OliverQuinn i miss our tuesday gossip trips  nice to know it s going well  @imogen kate apparrently it won t be at jb penrith til saaturday ,15
37331,CaptainCouRage,7am came and went  I m already running  It s really nice out people  Go for a jog or something  I m stuck inside at work  ,15
37401,Captainsid,@Kat KittyKat    airight    i may have to come around more    have a good night    nice to meet ya              @FakerGigi     dont hit that shower too hard    it may hit u back    lol      ,15
37442,CarGuyDad,@JeepWorld ugh  that article is misisng some important pics  @BMWSauberF1Team Best of luck  this will be almost a year to the day  after the epic Canadian GP 1 2 win  so a repeat would be nice  ,15
37454,CarStain,golly  i ve neglected you twitter  sorry about that    UPDATE  currently burning my back pain away with deep heat  nice work chemicles ,15
37752,CarlBrown,@ djh nice icons  Been outa touch w  too much work lately  Hope things are well   twit spammers have depressed me  but I aim to fix it,15
37922,Carlmoopa,is awake  Thinks it d be nice to go for a run   tut don t hav any running stuff here ,15
37952,CarlosMic,@hollyrhoffman No  the guy is just EVERYWHERE today  Nice going @danschawbel    @mattChevy Even if he sets on 10 000  it s totally missing the point of connecting  And no  it ll never happen  @OneRedSock Haha  that d be nice  Don t think so though  at least not her  She s in a happy relationship and more than 10000 miles away  Hi @shonali  nice to meet you  found you through @Meghnak  I really liked your profile  you seem very engaging ,15
38042,CarlyWamboldt,sometimes its nice to be home alone and cook mac and cheese for dinner ,15
38064,Carlysotura,@faithjourney went to the kairos homecoming    So nice ,15
38176,Carniphage,It s such a nice day  I would sit outside to work   but the winter destroyed the parasol in the garden   ,15
38200,CaroPik,hi to all  i don  t know why myspace isn  t working  i got a message from my best friend and i can  t read it  miss u nicole the sun is shining   should be a nice day   and i have to study ,15
38287,Caroliine_e,@davedays I ve watched Button  its a realy nice movie  well   I think it is   made me cry  hope u like it ,15
38346,CarolineFX,all done  off to work now  after that im buying batteries and bandages  nice combo huh  lol have a nice day  hate that my bloodpaste and my FX wax has to be bought from the web  takes several days for it to arrive ,15
38413,Carolsscents,#followfriday @Ravish30 @BathBodySupply @SamMcDaniel Nice people  ,15
38424,CarolynLevy,@Hollix oh a date  Very nice   ,15
38440,CarolyneProulx,@fightlinker hahaha nice  lots of cool useless things all around the worldwideweb ,15
38455,Caroweenie,Doing my homework outside  It s so nice out  @ArielsAwesome Lol I know I DIED when my little sister came home with it ,15
38503,CarrieBooo,work all weekend  boo  enjoying the sun   although it s a bit too windy  had a nice day in the sun yesterday  won t do today cos im working  gt  l is sat outside listening to oasis  going seeing them on thursday  can t waiiiiiiiiiiiiiiiit  watching House from sunday night ,15
38560,Carrie_owen_182,Just had my inplant taken out  One Big gash in my arm and a bandage later and I am feeling rather light headed   Nice weekedn in Yorkshire  apart from my Granddad going doolally   lol  Nice meal though  ,15
38602,Carsomyr,@SharktailYPP The red font up the top is very nice  But where did they put all the old entries  ,15
38661,CarylJason,Hoping for a nice day today  ,15
38673,CarysAnn,Nice to tweet everyone  even though no one has tweeted back   Story of my poor little life   Am going now    Am joking really  @lliswerryguy I need my bed  I am very hungover today  It is my Birthday on Thursday  I will be 41 which is very depressing ,15
38687,CasaNuestra,@Flyinace2000 So excited    I m glad you stopped by    It s nice to put a real face to the name ,15
38942,Cassia_,@jasonmitchener that is nice of you   Bom dia  801 followers  Should I celebrate   @zachgonzales @EMarketingGuru thank you for the #followfriday recomendations ,15
38972,Cassie1228,starting my day early today   its so nice outside  ,15
39077,Casson08,@DENISE RICHARDS i know the feeling its horrible  on the garden gettin nice and brown   ,15
39381,CatherineNicoud,30   today they say   nice ,15
39412,CatheyEast,@JohnLauber Good Luck  I think I d be tempted to bring along a pound of ground beef laced with a nice tranquilizer  Don t become lunch  ,15
39615,Catyandhercat,i must do my mathhomework  its sooo boring I hope you have a nice day  bye good mornig its 10 51 a m and i am soo tired  yesterday i watched 90210 the film is soo cool ,15
39650,Cawlian,Caught for ages in a really slow traffic jam into Monaghan town  Pain in the arse  need to be somewhere else fast  In Dublin Airport  Starting the second leg of our Italian trip   Nice ,15
39778,Ccristinitaa,feelin nice bout to call it a nite  imissmypapi ,15
39959,Ceeeezy,What a nice relaxing day   now I m dead tired  Goooodnight  ,15
40173,CemB,@lirontocker great  i m amused  @pjozefak nice  #original #copy,15
40383,ChaValeMarie,T Mobile is about to get a not so nice phone call from me  What is going on with my phone   Why aren t my internet and apps working     I can t believe I m this bored on a friday night   booooooooo me   But you know I stay positive   ,15
40503,Chakras_,@KyleEnglish Just saw ur set time  Andrea  amp  I could have stopped by b4 Chakras rehearsal  7    nice 2cu play w buttrflies n vino again ,15
40527,ChamaleonGirl,@jenlikestofly is always nice when that happens huh  No regrets  good luck  love u  and yeah omg Meyers  lt 3,15
40535,ChameleonChic,is feeling caged and restless and has no idea why   is all glammed up with nowhere to go    sigh   Maybe a solo trip to Jax after the rugrats go home   Dinner and a movie solo sounds nice  ,15
40638,ChanelChloe,@flowerstone12 Oh   hehe2x  Have A Nice Day Girl   ,15
40678,Chaney3000,Its a nice day outside but I don t want to go outside  ,15
40819,Chaosmomm,oh look   it s nice outside finally   and i have to go to work  ,15
40942,Charisse4Travis,I wish I could find a nice guy to take me on a nice date  Why do i only find losers ,15
41109,CharlieAndMe,@hotmamabrew we all need some support in our lives   always nice to know that even a stranger cares about anothers well being ,15
41138,CharlieGraphics,@ilkeryoldas202 Nice tweet ,15
41359,CharmaineMilla,summer goal  go ghetto  be less mellow  find a nice fellow    ship   sorry  that s all my rhyming can produce ,15
41429,CharversWiggles,Not a very nice two days up ahead   Need strength to get through them though   ,15
41531,ChauKut,Insomnia again  @katyperry so you watching purple in a bus  nice  im sick in my bed  S definitely prefer the road   enjoy your movie  insomnia again ,15
41567,Chaythegr8,@DPROS thanks for the FF   @chegrand nice runnin into the other day ,15
41570,Chaz213,I miss my nice warm bed  x @ddlovato nooooooooooooo i was just in London  sucks In London and reading Eclipse ,15
41655,CheatoBurgers,its so nice out today  but i dont feel well      http   sml vg abjy4L,15
41770,Cheese_Monkey,happy fathers day to all the dads out there   Bought mine a nice jacket just found out the zipper is broken   just my luck  Boooo ,15
41814,ChefDaveLA,@thequeenoftarts So very nice of you ,15
41834,ChefShaneFrisco,Found a nice lake side park with a small beach  but       no grills   Oh well       I ll have to keep looking   another time ,15
42118,ChelseaRosario,LVATT is a trending topic   Nice  Im getting it as soon as target opens  which is at 8    Then off to regents at 9 ,15
42289,ChengChungLan,@nikegoal Wow  It s time zone ha ha I already ate the lunch    Have a nice night ,15
42326,Cheri33612,@Saharabloom Awww you thought of me  Nice thoughts I hope  What were you thinking  ,15
42375,CherishMe,@HiddenBedside      Nice Love this song Stealing it   Cuz I m all about the thievery around this joint       http   blip fm  5gw0j,15
42377,Cherish_Mengel,Nice  amp  comfy in bed  so much warmer than the air  Teddy is finally sleepin  kept me up all night agaun silly doggie  Ha ,15
42443,CherryLava,@Shanti nz  My first follower  Wow  Nice  Pleased to meet you  How are we all  No direct messages to me  Haha  I m just playing   I m not that self centered    Crap  I ve been here all day still dont understand how dis site works  My alter ego     er     Kazumi  Can fix this   Peace out  x Luv ya ,15
42448,CherryPie_,@Mallarybc You re welcome   nice to meet you ,15
42619,ChewwyUwe,@chloerose18 yea i smell fantastic after the gym   nice hair  2 hours till summer ,15
42888,ChicoNate,@bgirl77 Nice  I was the guy who caught McKenna s poncho and wore it around like a drunken fool the rest of the day  Ah    memories  ,15
43066,ChineseChik525,@Poetic line yup  its nice to find you  and i m good  how are you ,15
43103,ChiozvonNassau,@TheCraigBass nice  heard you already finished your single   any chance to hear it before the release    @DontBeASkeptik Ah I see you  No chance for me to place a beat huh    @elzdagenius Im workin on you beat right now  It will fuck your ears til you deaf  trust me  ,15
43133,Chiquita60312,@HammyCamey the destruction of art thing nice graffiti wall that was washed off and then it looked like a shity wall all brown n stuff ,15
43340,Chloejp1,@emilycathh yeeeeee he s so cute  he s got a ded nice smile n he started cryin  x flawless were awsum 2  @tommcfly Norway won eurovision  we came 5th  feeling better   X @emilycathh yeeeeee he s so cute  he s got a ded nice smile n he started cryin  x flawless were awsum 2  @StephenMulhern you look like tom the cat from tom  amp  jerry  @tommcfly It would make my day if you said happy birthday to me  please reply x,15
43626,ChrisArredondo,Thanks god  Good Work  Nice Mettings with government people  Travels and working hard for our country  GoodMorning  im going to shower ,15
43719,ChrisFreeMotion,  a juicy red apple is nice  but   not every apple is red ,15
43739,ChrisHahn,@LilMamaRed No one here has them  and she s lamented  Do you think you could grab some next time you go there and send some to us   @madebyrobot Newport  OR  It s nice to only live an hour from the ocean   @dirigibleduck Now we just need The Guild   @mileycyrus Tennis  Is that an elective  ,15
43798,ChrisLi,@kommi nice to meet you ,15
43809,ChrisMT15,@1capplegate Hi Christina  how are you doing    would u be nice enough and follow me     @eng09 hahahah lol  she does seem pretty cool chill  first time she s answered me as well    good nite for both of us I guess then  ,15
43908,ChrisStyles99,@SongzYuuup I guess No Summer Jam 4 u      Woulda been nice though   maybe next year,15
43974,Chris_E_Smith,Leaving the beach now got some nice pictures but sadly wasn t inspired enough to draw anything ,15
44014,Chris_TOMP,Annoying fact  I now have TPBs 1  2  4  and 5 of The Losers  3 is on back order and arriving next week   Crap  My mom just had her wallet pick pocketed from her purse   It s Sunday  10 23 pm and I m at the office  But it was nice to go through the unread email so I won t have to tomorrow  Going home now  ,15
44040,ChrisatNOS,@steffanwilliams lol and there I got excited thinking you were talking about Android  still a nice looking cupcake though ,15
44519,ChristineBW,going to a dress up birthday party today   hollywood style    my costume has not arrived yet      @KimKardashian I know what you mean   I lost my dad 2 years ago   I still can t get used to the fact that I ll never see him again    @LaurenBosworth I think you look really nice in the one you have    Have a great day  @LaurenConrad I want one    When are they out on sale  @LaurenConrad You look amazing on the basball game pictures  ,15
44644,ChristopherY,@justashley so nice out  amp  I m stuck indoor working  hope u r having a great day  Hello everybody  I have been quiet today  Did anybody miss me   via @justashley    Yes of course ,15
44663,Christy335,@blackink12 It would be nice to see an update once in a while   ,15
44681,ChristyHingston,just moved computer from my room into lounge room in front of nice warm fire place  nice and warm and comfy eating beef and black bean  wrote another song  yay   ,15
44913,ChurGee,Oh No   I think my brain is dying  My mouth is sore  its not very nice lolz watching top 40 lolz,15
45070,CiderpunkDotCom,@stephenfry treat yourself to a nice drop of cider now you re back ,15
45339,CinnamonTan,soooo nice outt wish i lived near a beach  @foreverrrr Heyyy Girly ,15
45507,Ckesner,Has done his nice guy duty for the day  On my way to work  ,15
45616,ClaireMCMurray,Had a good run in the Scottish Rain this morning   it was nice and refreshing  What a very beautiful sunny day it was here in lovely Lanarkshire   treated myself to some new garden furniture   just perfect ,15
45656,Claire_Cordon,@filce I know  Bloody tragedy @Bass  Er   not really  New avatar   within size limits  but not showing yet  @vacant heart The little devils   @MartinLewis77 Will make a nice change  @cavorting Morning James   sunny here too  You OK today ,15
45672,Claire___,nice    can t fall back to sleep ,15
45691,Claireg681,@alinicoll Thats really nice of you to offer but i ll pass thanks ,15
45699,Clairenugent,Sunshine gave me a headache  Won t stop me going out in it tomorrow if it s nice again though,15
45700,Claireoplane,It would have been nice to tell me if you d moved  God dammit  It would have been nice to tell me if you ve moved  God dammit ,15
45847,Clarinhapl,Have a nice day  I m so happy  we wan the game yesterday  afteeer   FINAL    ,15
46129,Clerisy_Kara,@ZMichonski it was nice meeting you   I hope you enjoy the book  ,15
46391,CoALMiNeRsHoNeY,@missdrcooke Hey there Mrs  Fleming  Nice to see you on here  Hope all is well with you  Call me sometime ,15
46450,CoachCasson,Nice set of hill repeats this morning   gradually getting my act together again and the chest infection is a fading memory ,15
46452,CoachChelsey,@RochelleVeturis Sorry we left a while ago  @RochelleVeturis was my slavedriver at the babyshower     Not very nice ,15
46497,Coachforyou,Good morning to all followers  I wish you a nice Tuesday and good luck with your business    Allen Verfolgern einen sonnigen Dienstag    http   twitpic com 3nddr   Coachforyou rides his bike to the mountains    Super Wetter  ab in die Berge mit dem MBike   #MBike Nice to meet you  Thx for the follow  @avg8 @JaqStone @emeralds3 @raceDisasters @naturallycurly   I wish you a nice day  ,15
46600,Cocomaa,@hydeparkmom   LoL  However  it s  not nice that u walked alone   She should have given u the courtesy   ,15
46736,CoilyMadness,@frizzfreeCURLS no   its supposed to be nice all week so we have plans for Thursday and Friday must remember to bring lots of water,15
46975,CollinMel,@adroitboar nice   That reminds me  have to get another camera   lost mine @ Maker Faire ,15
47015,ColonialMarines,@jimkirk1943 nice wat films are you into  ,15
47020,ColorMeLively,All alone at face off tonight  boo @dmaul53854 yus   3 he was really nice ,15
47231,Conayeah,@juhHilario Hi hoe are youu        nice pic   greetings byebye     @tommcfly Hi tom   how are u  i dont like jonas but     hope you have gone well in the show   greetings of chile  @tommcfly The busted yeahh  i didnt say that with bad intencion   good that you  ve spent so well tom   have a nice night    byee    ,15
47253,Concreteangelx7,@NKOTBvalentine  I think i am going to shoot myslef  NOOOOOOOOOOOO Jon Sang and we Missed it PLEASE TELL ME IT S NOT TRUE  All i can say is DAM IT TO HELL             @NKOTBvalentine Hell yeah I think i going to be sick   LOL J k Home alone ALL weekend  Whats a Girl to do       @dubsNaughty1 goood you I am home alone this weekend till sunday and theres nothing to do  @jkgirl73 yeah it was not nice  not nice at all ,15
47371,Connorrr,@owlssayhooot I know  I have prom tommorrow and I m hoping it becomes nice out again  The president s limo just arrived  ,15
47587,Cool_Running,@ginaharris1 Nice  That s awesome  Congratulations ,15
47593,Coolea,workin  its turnin into a nice day and im excited   not sure why tho  cant go anywhere for the weekend ,15
47631,CoonCatt,@TradingGoddess How can I miss you   when you won t go away         I m teasing      Glad you had a nice mini vacation   @LADYwSENSE I have four workdays left   It has been 100 degrees              for ten days    O  It s nice in SFNM   Cool   balmy  @LADYwSENSE I would definitely go there   A very cultural city  with many museums and places to see  SanFrancisco  you must go too    Big tasty coffee drink with hersheys dark syrup    @Fraghag is coming over and we re gonna  quot make joolry quot    @zenbitch Check your email  sent you stone pic   ,15
47774,Cordish,@tessicagee I have a pretty photograph of you  got myself some nice loud bassy stuff  not to mention the random golden oldies ,15
47776,Cordobes32,@brendaisabel hi   Nice new pic      ,15
47900,Corinneisonfire,ahh i love my guitar effects pedal  a new guitar would be nice though  input socket thing is fuckedD ,15
48496,Covjazz,ooooo B2 does look lovely   tea lights  chandeliers  nice round tables  sexy lighting   tonight s show is going to be intimate  ,15
48527,Cowster94,Atm im making videos on utube any suggestions would be nice Thanks   ,15
48649,Craig200588,Sore arms from nurse taking blood from BOTH arms  my builder fixed my handle and bath and now I wait to go for my interview  wish me luck  Not having fun at work   It s such a nice day and I m stuck indoors  @KateDonaldson lol yeah it s my new thing I m on it all the time  how r we ,15
48721,Craigoryegory,I sure hope my loyal followers are glad I m tweetin  It s nice to know someone wants to hear me sing  I ll try and get to 200 by week end,15
48835,CrazyAldo,@mattedmondson Nice one Matt   as they say up north  where i am unfortunately  @DJIronik My sisters going up to see you with her mates   shes a great fan as i am  Just enjoying a lovely 40  volume beverage ,15
48927,CrazyNoles,About to go out to hang with my BADA peeps   its going to be a nice lil reunion haven t seen them since my last day in london ,15
49081,Creide13,A missed opportunity   an evening by myself  Had girls all day  so now too tired to do anything with it   So sleepy    Had a great time with Jack  amp  Theresa  Nice weekend  ,15
49089,CrenshawMP,Getting to  know my ITouch   Had a nice Mexican dinner w  Brittany and Yes  I love her very much   Goodnight ,15
49185,CrisGarofalo,  such a nice day,15
49293,Cristin75,@flyingcocoon thats nice to hear  Too bad i missed it  @shaileshvrajan B9R has a multi axled rear  First quiz we didnt qualify for  @dpolice not really ,15
49296,Cristina026,drinks at macdintons with mal and benji    just a nice  chill  drama free night with nice  chill  drama free friends  ,15
49568,CrystalBear96,aww  shame monkey world was a bit on a let down    all that way for one type of monkey and about an hours walk round     @voiceoverartist we went to the one in Stoke on Trent    they only have Barbery Macuques    it was nice but could have been better  had a nice  if tame and early finishing  nite out last nite ,15
49634,CrystalStine,yardwork is torture on my nails   goodbye nice manicure  another fun day   especially the sweet club seats at the rockies game  not so fun  dropping my phone in the toilet ,15
49790,Cubikmusik,@spigotZ link not working for me   @soul identity nice  show in dublin was postponed until the autumn    cant wait to check it  seen the video from paris  @rayraysaadiq @fionahaughney ah cool  didnt go out  wasnt feelin  the mae west   @foges70 no   UK has them  @BrandyandIce car boot sale  Happy Sunday   sunday silliness  @cubikmusik was here before @oprah http   herebeforeoprah com #herebeforeoprah @OndaSonora LOL  I have a catholic church from San Diego  I think they pray for my soul   bachelor s series over at leslie miles   http   short ie w6wgfm me like  these pics and being a bachelor   @dublinblondie happy bday  hope you get to enjoy this sunny day in celebraion of ur bday   @paulmwatson not gonna ask what a boom boom is   morning  @spigotZ out now  Tks for that  Sunshine sure compliments my set   hope u get out and about soon  @spigotZ thanks much   #FF #musicblog @gcn1  c  get out  Life is too short   @TheMiseducation get finished and come join   @CarriageClock1 class  njoy vegan baiting   @spigotZ nice  So sunny out  Wanna take tomorrow off now   how s all going with you  @dublinblondie hey there   tis hot  i want today off also   good holiday weekend  @gavgavwaters @NiaBassett  my fave joke  why are pirates called pirates  they just arrrrrrrrrr   @d e v there must b  I m sure I ve seen some  Dunno where though   @dublinblondie morning  tired  hump day though   @TheMiseducation ah great  hope you get it   stuck in de office so no sun  til 5pm  then home  changed  and walk into town  njoy de day  @spigotZ will try and track one down for u   @scrimshire good luck and njoy mate  Must connect next week once u recover   @djneilarmstrong nice one mate  I m in Ireland  LOL  Hope u njoyed  Gotta love in n out  Have a good night in SF   @guinnessdj with u  Got a tenner for the same   @BrandyandIce cool   Yes  A top gear episode that I haven t seen   @nutriot thanks mate  realized it was a bombardment   i am amazed by the courage of the people  @d e v phew  got some memory still then   @paulmwatson tks mate  Good news to wake up to   @brilldisruptive back to work today after nice chilled day off yesterday   watching #iranelections  amp  workin  Incoming Sonar  u lucky duck ,15
